DIABETES,0,1,All
0,0.3391812865497076,0.37593984962406013,0.7151211361737677
1,0.13984962406015036,0.14502923976608187,0.28487886382623223
All,0.479030910609858,0.520969089390142,1.0
